audio_file,valence,arousal,dominance
0001_L.wav,0.4130266606807709,0.3174532949924469,0.3871002495288849
0002_L.wav,0.48160839080810547,0.5425376892089844,0.5053393244743347
0003_R.wav,0.26761624217033386,0.13824273645877838,0.26577773690223694
0004_L.wav,0.5190048813819885,0.3917733430862427,0.3991607427597046
0005_R.wav,0.624270498752594,0.3870125412940979,0.4346757233142853
0006_L.wav,0.30408525466918945,0.3566543757915497,0.40204864740371704
0007_L.wav,0.637187659740448,0.41251206398010254,0.4591151177883148
0008_R.wav,0.5291116833686829,0.5255873203277588,0.5339249968528748
0009_L.wav,0.6567357182502747,0.6481863260269165,0.5743677020072937
0010_R.wav,0.8308447599411011,0.715948224067688,0.6614247560501099
0011_R.wav,0.6371385455131531,0.5882036089897156,0.5686575770378113
0012_L.wav,0.36141377687454224,0.18656304478645325,0.20330752432346344
0013_L.wav,0.32893210649490356,0.16410836577415466,0.13953794538974762
0014_R.wav,0.8927003145217896,0.6546165943145752,0.6380537152290344
0015_L.wav,0.8828538656234741,0.7684370875358582,0.7398266196250916
0016_R.wav,0.6816240549087524,0.6950570344924927,0.6624422073364258
0017_L.wav,0.9094161987304688,0.7860417366027832,0.7343149185180664
0018_L.wav,0.858451247215271,0.762061595916748,0.7237005233764648
0019_R.wav,0.6248294115066528,0.6626819968223572,0.6166784167289734
0020_L.wav,0.33189886808395386,0.3489537537097931,0.37867820262908936
0021_R.wav,0.7504297494888306,0.7209256887435913,0.6773930191993713
0022_L.wav,0.8514851927757263,0.8034599423408508,0.7623707056045532
0023_L.wav,0.4807475805282593,0.63216233253479,0.6404135227203369
0024_R.wav,0.6064592003822327,0.5032867789268494,0.48625046014785767
0025_L.wav,0.42220088839530945,0.5545364618301392,0.5448716282844543
0026_R.wav,0.9123220443725586,0.7787068486213684,0.7372733950614929
0027_L.wav,0.35429033637046814,0.28120261430740356,0.2622392177581787
0028_L.wav,0.2907247841358185,0.339354544878006,0.37831246852874756
0029_R.wav,0.658384382724762,0.4995512068271637,0.47748899459838867
0030_L.wav,0.42171117663383484,0.7159892320632935,0.6545571684837341
0031_L.wav,0.747896134853363,0.7182701230049133,0.6575561165809631
0032_R.wav,0.3841145932674408,0.35570576786994934,0.36038514971733093
0033_R.wav,0.5931543111801147,0.5277657508850098,0.5184435844421387
0034_L.wav,0.2610776722431183,0.10932891070842743,0.18336237967014313
0035_R.wav,0.48475608229637146,0.26908546686172485,0.37375393509864807
0036_L.wav,0.36543554067611694,0.16032254695892334,0.24435283243656158
0037_R.wav,0.4211544990539551,0.2090415209531784,0.14696429669857025
0038_R.wav,0.3334789276123047,0.055944398045539856,0.0987287163734436
0039_L.wav,0.3049197793006897,0.4091242849826813,0.43823719024658203
0040_L.wav,0.4455983638763428,0.5324499607086182,0.5526883006095886
0041_R.wav,0.5368936657905579,0.5533759593963623,0.5288709998130798
0042_L.wav,0.34759706258773804,0.14072923362255096,0.16546081006526947
0043_R.wav,0.5311552286148071,0.5181012749671936,0.4739355742931366
0044_R.wav,0.4889915883541107,0.5213891863822937,0.4947053790092468
0045_L.wav,0.35623231530189514,0.19675999879837036,0.21151411533355713
0046_R.wav,0.6342877745628357,0.618973433971405,0.600739061832428
0047_L.wav,0.8625466227531433,0.8013831377029419,0.7350227236747742
0048_L.wav,0.40463367104530334,0.5177345871925354,0.5167136192321777
0049_R.wav,0.4910829961299896,0.6811694502830505,0.6205871105194092
0050_L.wav,0.39117130637168884,0.3468843400478363,0.35270956158638
0051_R.wav,0.7237011194229126,0.6294193267822266,0.6006003618240356
0052_L.wav,0.39628633856773376,0.33559903502464294,0.3088538348674774
0053_L.wav,0.4048653841018677,0.2340419441461563,0.22011657059192657
0054_L.wav,0.9565268754959106,0.9057081341743469,0.8479294180870056
0055_R.wav,0.8920615315437317,0.799845278263092,0.7527916431427002
0056_L.wav,0.5232226252555847,0.6192041635513306,0.6059936881065369
0057_R.wav,0.5742737650871277,0.5577051639556885,0.4538632333278656
0058_L.wav,0.38575035333633423,0.20813752710819244,0.2782829701900482
0059_R.wav,0.4106878638267517,0.12743419408798218,0.22127163410186768
0060_L.wav,0.5082179307937622,0.2751311957836151,0.36812078952789307
0061_R.wav,0.614449143409729,0.3610347509384155,0.4076365530490875
0062_L.wav,0.28302907943725586,0.5958128571510315,0.5675894021987915
0063_L.wav,0.42701593041419983,0.4671878218650818,0.47444334626197815
0064_L.wav,0.40930911898612976,0.44041791558265686,0.479206919670105
0065_R.wav,0.4241710305213928,0.3281305432319641,0.33985283970832825
0066_L.wav,0.6597411632537842,0.5285884737968445,0.5246657133102417
0067_R.wav,0.5147942900657654,0.5576003789901733,0.5627581477165222
0068_R.wav,0.484132319688797,0.4332415759563446,0.421285480260849
0069_R.wav,0.4887155592441559,0.4075063169002533,0.4462640881538391
0070_R.wav,0.5504283308982849,0.43426692485809326,0.47472941875457764
0071_R.wav,0.3344798982143402,0.31831231713294983,0.381335973739624
0072_L.wav,0.3916598856449127,0.10554900765419006,0.14207957684993744
0073_L.wav,0.37729769945144653,0.153406023979187,0.1717889904975891
0074_R.wav,0.39428409934043884,0.36580324172973633,0.41136759519577026
0075_L.wav,0.44022637605667114,0.28375881910324097,0.32494059205055237
0076_R.wav,0.5194263458251953,0.5141791105270386,0.5185607671737671
0077_R.wav,0.36032426357269287,0.5710996985435486,0.5775591731071472
0078_L.wav,0.3766777217388153,0.26896026730537415,0.31433793902397156
0079_R.wav,0.542385458946228,0.424622118473053,0.4522046744823456
0080_L.wav,0.38599538803100586,0.21764402091503143,0.24366138875484467
0081_L.wav,0.3662450909614563,0.17527708411216736,0.21154989302158356
0082_R.wav,0.33935508131980896,0.5037040710449219,0.5246045589447021
0083_R.wav,0.46177610754966736,0.4739585816860199,0.40739232301712036
0084_R.wav,0.4029138386249542,0.48458370566368103,0.5123152732849121
0085_L.wav,0.3270968496799469,0.04648503288626671,0.07970200479030609
0086_R.wav,0.3990318179130554,0.41710415482521057,0.44085049629211426
0087_L.wav,0.35960206389427185,0.1811944991350174,0.19489899277687073
0088_L.wav,0.4003388583660126,0.18308424949645996,0.20726868510246277
0089_R.wav,0.6087128520011902,0.4258642792701721,0.47259536385536194
0090_L.wav,0.39181622862815857,0.1415330022573471,0.16658185422420502
0091_L.wav,0.3459765613079071,0.24349753558635712,0.30488675832748413
0092_L.wav,0.45999854803085327,0.5534740686416626,0.547692060470581
0093_R.wav,0.5488906502723694,0.6038151383399963,0.5846290588378906
0094_L.wav,0.4268113076686859,0.373015820980072,0.3596579134464264
0095_L.wav,0.3054841160774231,0.5669698119163513,0.5377806425094604
0096_R.wav,0.7443200945854187,0.6260576248168945,0.5753148198127747
0097_R.wav,0.4732832610607147,0.6753331422805786,0.6061405539512634
0098_L.wav,0.30127644538879395,0.009612951427698135,0.12679742276668549
0099_R.wav,0.6269810795783997,0.5294128656387329,0.4984937310218811
0100_L.wav,0.3973883092403412,0.1460789442062378,0.19396409392356873
0101_R.wav,0.3810233473777771,0.5214887261390686,0.3615911602973938
0102_R.wav,0.4269343316555023,0.45007070899009705,0.44807174801826477
0103_R.wav,0.3215329945087433,0.3465345501899719,0.4253924787044525
0104_R.wav,0.7011271119117737,0.5624117255210876,0.5849053859710693
0105_L.wav,0.3250226080417633,0.17619943618774414,0.2228112518787384
0106_L.wav,0.4781378507614136,0.23165979981422424,0.3309876322746277
0107_R.wav,0.3869990110397339,0.32948023080825806,0.3441348671913147
0108_R.wav,0.42267897725105286,0.283804714679718,0.31632715463638306
0109_R.wav,0.4944256842136383,0.361982524394989,0.3930976688861847
0110_R.wav,0.3407840430736542,0.3956971764564514,0.38612568378448486
0111_R.wav,0.6963275074958801,0.5822455883026123,0.5606168508529663
0112_L.wav,0.320655882358551,0.11840029060840607,0.1971341222524643
0113_R.wav,0.5812223553657532,0.28944504261016846,0.37336117029190063
0114_L.wav,0.3573312759399414,0.26398035883903503,0.2919585704803467
0115_R.wav,0.8574994802474976,0.7079651355743408,0.6935219168663025
0116_L.wav,0.9387149214744568,0.8435647487640381,0.8135550022125244
0117_R.wav,0.9327580332756042,0.793728768825531,0.7539596557617188
0118_R.wav,0.840591311454773,0.8248169422149658,0.7447302341461182
0119_L.wav,0.7625952959060669,0.5431566834449768,0.54208904504776
0120_L.wav,0.9798387289047241,0.8716503977775574,0.8147004842758179
0121_R.wav,0.5785302519798279,0.6433793902397156,0.5696433782577515
0122_L.wav,0.3668377697467804,0.1811186671257019,0.2287900596857071
0123_R.wav,0.6224581003189087,0.6120187640190125,0.6099926233291626
0124_L.wav,0.5577901601791382,0.42898157238960266,0.39591488242149353
0125_R.wav,0.5263311266899109,0.5427509546279907,0.5188177824020386
0126_R.wav,0.5113266110420227,0.34585100412368774,0.3751353323459625
0127_L.wav,0.4631674885749817,0.40767937898635864,0.4148253798484802
0128_L.wav,0.40191808342933655,0.20265205204486847,0.19226960837841034
0129_R.wav,0.6983369588851929,0.5569469332695007,0.578014612197876
0130_L.wav,0.14446574449539185,0.23761220276355743,0.19828146696090698
0131_L.wav,0.6678613424301147,0.578999400138855,0.5443174839019775
0132_L.wav,0.4380170702934265,0.5324649810791016,0.5340794324874878
0133_R.wav,0.46891799569129944,0.515114426612854,0.42634445428848267
0134_L.wav,0.9809360504150391,0.8549829721450806,0.8078113794326782
0135_L.wav,0.3476810157299042,0.022522440180182457,0.154308021068573
0136_R.wav,0.35798752307891846,0.1113806813955307,0.18767432868480682
0137_L.wav,0.6128603219985962,0.636999785900116,0.5695022940635681
0138_L.wav,0.40125805139541626,0.5480767488479614,0.5324461460113525
0139_L.wav,0.5915677547454834,0.5692819356918335,0.5748264789581299
0140_R.wav,0.6367715001106262,0.5953716039657593,0.5527573227882385
0141_L.wav,0.4569467306137085,0.3774629831314087,0.3999013602733612
0142_R.wav,0.11722515523433685,0.25155818462371826,0.20001593232154846
0143_R.wav,0.5087647438049316,0.4424910545349121,0.49419739842414856
0144_L.wav,0.40411731600761414,0.08822520077228546,0.144196018576622
0145_R.wav,0.3309764266014099,0.16424454748630524,0.1941487044095993
0146_R.wav,0.30130213499069214,0.09094829857349396,0.14716684818267822
0147_R.wav,0.46215131878852844,0.4162290692329407,0.46132153272628784
0148_L.wav,0.5504385828971863,0.3040672540664673,0.31931766867637634
0149_R.wav,0.5757497549057007,0.4681357741355896,0.48952341079711914
0150_R.wav,0.5813790559768677,0.5219724774360657,0.48612067103385925
0151_R.wav,0.34752750396728516,0.313172310590744,0.3646155893802643
0152_L.wav,0.35375475883483887,0.25274908542633057,0.2766132652759552
0153_R.wav,0.504936695098877,0.650492787361145,0.6253121495246887
0154_R.wav,0.4189811646938324,0.45763063430786133,0.4780580401420593
0155_L.wav,0.41898679733276367,0.4047462046146393,0.41608211398124695
0156_R.wav,0.6223708391189575,0.40298399329185486,0.41189509630203247
0157_R.wav,0.8202085494995117,0.6352665424346924,0.5968133807182312
0158_R.wav,0.5201237201690674,0.3933698832988739,0.28597456216812134
0159_L.wav,0.3659764528274536,0.6163668632507324,0.6047223210334778
0160_R.wav,0.8551234006881714,0.7292265295982361,0.701734185218811
0161_L.wav,0.8645098805427551,0.6977006793022156,0.6764897704124451
0162_L.wav,0.42109474539756775,0.4965480864048004,0.48128899931907654
0163_R.wav,0.3521960377693176,0.47130781412124634,0.45668551325798035
0164_R.wav,0.8863787651062012,0.748898446559906,0.7167474627494812
0165_L.wav,0.4466986656188965,0.42488643527030945,0.42724981904029846
0166_L.wav,0.6217392683029175,0.42204123735427856,0.4381391704082489
0167_R.wav,0.5361100435256958,0.44291073083877563,0.4678192436695099
0168_R.wav,0.640425443649292,0.563425600528717,0.5863008499145508
0169_L.wav,0.24447688460350037,-0.005005069077014923,0.06700875610113144
0170_R.wav,0.34729495644569397,0.5383645296096802,0.5568464994430542
0171_R.wav,0.4773094654083252,0.5442255735397339,0.556965708732605
0172_L.wav,0.3183019161224365,0.06948699802160263,0.10061505436897278
0173_R.wav,0.6080323457717896,0.5587303638458252,0.566766083240509
0174_L.wav,0.32700449228286743,0.10686371475458145,0.18457400798797607
0175_R.wav,0.41416844725608826,0.17437279224395752,0.25914236903190613
0176_R.wav,0.6499585509300232,0.6340393424034119,0.6174504160881042
0177_L.wav,0.3940929174423218,0.1318364441394806,0.13115359842777252
0178_L.wav,0.40946444869041443,0.36579418182373047,0.394743949174881
0179_L.wav,0.436064749956131,0.3079531192779541,0.33745673298835754
0180_R.wav,0.35451963543891907,0.20344723761081696,0.2393057495355606
0181_R.wav,0.3706199824810028,0.21368443965911865,0.2500964105129242
0182_R.wav,0.37903714179992676,0.12302421778440475,0.17780888080596924
0183_R.wav,0.364623099565506,0.5933953523635864,0.5266239643096924
0184_R.wav,0.46275046467781067,0.2982739210128784,0.35931748151779175
0185_L.wav,0.31739935278892517,0.15791380405426025,0.19555939733982086
0186_R.wav,0.49486449360847473,0.45473504066467285,0.5142399072647095
0187_L.wav,0.2673017084598541,0.07491596788167953,0.15464343130588531
0188_R.wav,0.3521261215209961,0.15328562259674072,0.20121616125106812
0189_L.wav,0.31022337079048157,0.5819441676139832,0.5717806816101074
0190_L.wav,0.35768231749534607,0.4061052203178406,0.4886559844017029
0191_L.wav,0.37225964665412903,0.14384882152080536,0.1513349860906601
0192_L.wav,0.40156835317611694,0.3161616921424866,0.3999057412147522
0193_L.wav,0.3818601667881012,0.24390184879302979,0.2827919125556946
0194_L.wav,0.36746713519096375,0.4520343542098999,0.45446187257766724
0195_L.wav,0.4517236053943634,0.49277663230895996,0.49689966440200806
0196_R.wav,0.4364314675331116,0.22385522723197937,0.23721112310886383
0197_L.wav,0.5387893319129944,0.5196431279182434,0.5130188465118408
0198_L.wav,0.3816206753253937,0.49579522013664246,0.5058663487434387
0199_R.wav,0.36591750383377075,0.1376146674156189,0.16465391218662262
0200_L.wav,0.5729328393936157,0.693240761756897,0.6252716779708862
0201_L.wav,0.45814788341522217,0.49853864312171936,0.5302906632423401
0202_R.wav,0.5463322401046753,0.49907419085502625,0.527192234992981
0203_L.wav,0.6003804206848145,0.6676141023635864,0.6324275135993958
0204_L.wav,0.6866428256034851,0.7198193669319153,0.6564263105392456
0205_R.wav,0.6062835454940796,0.48869019746780396,0.4965103566646576
0206_R.wav,0.5474507212638855,0.3189008831977844,0.37695932388305664
0207_L.wav,0.9282017350196838,0.7763043642044067,0.7238010168075562
0208_R.wav,0.8294143676757812,0.6849642992019653,0.6591785550117493
0209_L.wav,0.9398524761199951,0.857986330986023,0.7905005812644958
0210_R.wav,0.3557066023349762,0.4657829701900482,0.4823826551437378
0211_L.wav,0.5156675577163696,0.2969316840171814,0.33883264660835266
0212_R.wav,0.9247762560844421,0.7847743034362793,0.7464162111282349
0213_L.wav,0.33079013228416443,0.19827765226364136,0.3040841817855835
0214_L.wav,0.4178842306137085,0.2524237632751465,0.3708840310573578
0215_R.wav,0.2884425222873688,0.004283778369426727,0.06763248145580292
0216_L.wav,0.31433746218681335,0.04972226545214653,0.17866384983062744
0217_L.wav,0.2918855845928192,-0.04315600171685219,0.0934385135769844
0218_L.wav,0.32895633578300476,0.46813568472862244,0.4790082275867462
0219_R.wav,0.5955812335014343,0.5561066269874573,0.5373735427856445
0220_L.wav,0.33784377574920654,0.17443978786468506,0.1710219830274582
0221_R.wav,0.6370234489440918,0.41963866353034973,0.49950501322746277
0222_R.wav,0.49560073018074036,0.3746359646320343,0.31851276755332947
0223_L.wav,0.46435439586639404,0.514667272567749,0.4524043798446655
0224_L.wav,0.6037693619728088,0.28269144892692566,0.34247133135795593
0225_L.wav,0.5393603444099426,0.5658230185508728,0.5702363848686218
0226_R.wav,0.4514957666397095,0.3993633985519409,0.4165278673171997
0227_R.wav,0.44107785820961,0.4219108819961548,0.47373515367507935
0228_L.wav,0.3456142544746399,0.29513150453567505,0.2599608898162842
0229_R.wav,0.4408949911594391,0.6291955709457397,0.6126635074615479
0230_L.wav,0.8124520182609558,0.6460144519805908,0.5992867946624756
0231_L.wav,0.5332298278808594,0.635979413986206,0.47874125838279724
0232_L.wav,0.6900167465209961,0.5231876969337463,0.5103973150253296
0233_R.wav,0.4293788969516754,0.39036935567855835,0.3863365948200226
0234_L.wav,0.2684045732021332,0.12684038281440735,0.198654443025589
0235_R.wav,0.33899351954460144,0.5415972471237183,0.5361446142196655
0236_R.wav,0.5364232063293457,0.3578788638114929,0.4139167070388794
0237_R.wav,0.5497570633888245,0.44694915413856506,0.492678701877594
0238_L.wav,0.37388134002685547,0.17043019831180573,0.1784232258796692
0239_R.wav,0.494614839553833,0.4985842704772949,0.49871811270713806
0240_L.wav,0.4434894919395447,0.44181162118911743,0.42311641573905945
0241_R.wav,0.32936859130859375,0.30006077885627747,0.37603992223739624
0242_L.wav,0.4557648301124573,0.624325156211853,0.6728390455245972
0243_L.wav,0.37549877166748047,0.2035943865776062,0.23405349254608154
0244_R.wav,0.44012099504470825,0.43936339020729065,0.4500948488712311
0245_R.wav,0.36146220564842224,0.3177432119846344,0.37836185097694397
0246_L.wav,0.3680037260055542,0.27892178297042847,0.3206039071083069
0247_L.wav,0.3656963109970093,0.1987726092338562,0.2590395510196686
0248_R.wav,0.5345681309700012,0.6023959517478943,0.5695872902870178
0249_L.wav,0.21468502283096313,0.0978340432047844,0.1919667273759842
0250_R.wav,0.43792295455932617,0.48916003108024597,0.48347267508506775
0251_L.wav,0.479617178440094,0.4129717946052551,0.44223812222480774
0252_R.wav,0.3705765902996063,0.5092539191246033,0.5640404224395752
0253_L.wav,0.4549092948436737,0.2990987002849579,0.37166351079940796
0254_L.wav,0.45652875304222107,0.15246687829494476,0.25300905108451843
0255_R.wav,0.6898239254951477,0.6336023807525635,0.6225572228431702
0256_L.wav,0.8984500765800476,0.7954490780830383,0.7617446780204773
0257_R.wav,0.8803986310958862,0.7475022077560425,0.7124218344688416
0258_L.wav,0.4254675507545471,0.42880430817604065,0.4779227375984192
0259_R.wav,0.2564871311187744,0.05089837312698364,0.10687976330518723
0260_R.wav,0.3821297883987427,0.42175474762916565,0.37299221754074097
0261_R.wav,0.6755556464195251,0.5626751780509949,0.5553151369094849
0262_L.wav,0.8867931365966797,0.8253377676010132,0.7745574712753296
0263_L.wav,0.33277538418769836,0.20176483690738678,0.2336413413286209
0264_R.wav,0.6612917184829712,0.6790650486946106,0.6185076236724854
0265_L.wav,0.5330221652984619,0.3378813862800598,0.41834595799446106
0266_R.wav,0.6232818961143494,0.40424859523773193,0.44933441281318665
0267_L.wav,0.36191675066947937,0.27102720737457275,0.25117576122283936
0268_R.wav,0.30869585275650024,0.0236053466796875,0.10955122113227844
0269_R.wav,0.6453035473823547,0.5491281151771545,0.4817046821117401
0270_L.wav,0.5380995869636536,0.11871916055679321,0.16223382949829102
0271_R.wav,0.7278753519058228,0.6639608144760132,0.6330045461654663
0272_L.wav,0.43199461698532104,0.1481182873249054,0.23562714457511902
0273_R.wav,0.4670635163784027,0.5223228931427002,0.5036572813987732
0274_L.wav,0.321819543838501,0.18660661578178406,0.2019713968038559
0275_R.wav,0.46605998277664185,0.2784951329231262,0.3285454213619232
0276_L.wav,0.544631838798523,0.28808048367500305,0.3405269384384155
0277_R.wav,0.6049107909202576,0.4777812957763672,0.49090754985809326
0278_L.wav,0.25267642736434937,0.025101833045482635,0.13146962225437164
0279_R.wav,0.6263659596443176,0.498119592666626,0.5421158671379089
0280_L.wav,0.339954137802124,0.12219922989606857,0.10142306983470917
0281_R.wav,0.32716116309165955,0.4120957553386688,0.45692920684814453
0282_L.wav,0.4714629054069519,0.14956507086753845,0.26101988554000854
0283_L.wav,0.5391904711723328,0.43979138135910034,0.5051290392875671
0284_R.wav,0.5861825346946716,0.5460377931594849,0.5460811853408813
0285_L.wav,0.3650333285331726,0.23114410042762756,0.30290311574935913
0286_L.wav,0.43235543370246887,0.418959379196167,0.46163713932037354
0287_R.wav,0.35523170232772827,0.1088070496916771,0.18287380039691925
0288_R.wav,0.6931045055389404,0.5568973422050476,0.5398462414741516
0289_L.wav,0.11137071251869202,0.3064907491207123,0.3615797758102417
0290_R.wav,0.3474994897842407,0.03921503946185112,0.1114620566368103
0291_R.wav,0.4459987282752991,0.4842095375061035,0.4936452805995941
0292_L.wav,0.34278684854507446,0.40360063314437866,0.4122723639011383
0293_L.wav,0.4944901466369629,0.3494153916835785,0.41220128536224365
0294_R.wav,0.3294176757335663,0.16160497069358826,0.20733627676963806
0295_L.wav,0.9369122385978699,0.5863069891929626,0.6578181385993958
0296_R.wav,0.3416908085346222,0.23152866959571838,0.27278897166252136
0297_L.wav,0.3354758024215698,0.32144400477409363,0.294072687625885
0298_R.wav,0.4883214831352234,0.289779931306839,0.3275858759880066
0299_L.wav,0.2559465765953064,0.39627763628959656,0.4331127107143402
0300_L.wav,0.34982624650001526,0.5937174558639526,0.597366452217102
0301_L.wav,0.28374937176704407,-0.053819794207811356,0.09377448260784149
0302_R.wav,0.3064013421535492,0.12379754334688187,0.18025584518909454
0303_R.wav,0.4521547853946686,0.36628419160842896,0.4197923243045807
0304_L.wav,0.3091316819190979,0.08937806636095047,0.13098779320716858
0305_R.wav,0.27482423186302185,-0.004509584978222847,0.0957123264670372
0306_L.wav,0.6200083494186401,0.3630005717277527,0.384360671043396
0307_L.wav,0.4609525799751282,0.4528602361679077,0.4708733856678009
0308_L.wav,0.3973730206489563,0.4336446523666382,0.47925883531570435
0309_R.wav,0.34831225872039795,0.3429059684276581,0.3740798830986023
0310_L.wav,0.21042682230472565,0.43164339661598206,0.506210446357727
0311_R.wav,0.42509230971336365,0.3772464990615845,0.31923580169677734
0312_L.wav,0.826569676399231,0.6847704648971558,0.6513749957084656
0313_R.wav,0.9109247922897339,0.7250361442565918,0.7056972980499268
0314_L.wav,0.2790420651435852,0.7054265141487122,0.6644344925880432
0315_R.wav,0.8879848122596741,0.7489899396896362,0.7241705656051636
0316_L.wav,0.5682073831558228,0.4768502712249756,0.4672933518886566
0317_L.wav,0.8446277379989624,0.6351996660232544,0.6144344806671143
0318_L.wav,0.2858453691005707,0.1475602686405182,0.2431468367576599
0319_R.wav,0.30587536096572876,0.07648627460002899,0.1467355340719223
0320_L.wav,0.39263585209846497,0.39275842905044556,0.43361905217170715
0321_R.wav,0.689775288105011,0.5468503832817078,0.54243004322052
0322_L.wav,0.32952749729156494,0.2685393691062927,0.2802448272705078
0323_L.wav,0.37386173009872437,0.07991170883178711,0.11372745782136917
0324_R.wav,0.19967779517173767,0.24832753837108612,0.34501683712005615
0325_L.wav,0.352565735578537,0.057297009974718094,0.0943404883146286
0326_R.wav,0.6142176985740662,0.5965765714645386,0.5749496817588806
0327_L.wav,0.4084307849407196,0.31394049525260925,0.3483078181743622
0328_L.wav,0.3525214195251465,0.39849621057510376,0.3682365119457245
0329_R.wav,0.43483757972717285,0.5406777262687683,0.5349165797233582
0330_R.wav,0.31227827072143555,0.08703666180372238,0.09956222772598267
0331_R.wav,0.8578018546104431,0.7121474146842957,0.6927935481071472
0332_L.wav,0.6076309084892273,0.2685646414756775,0.34032079577445984
0333_R.wav,0.631190299987793,0.6340665817260742,0.6231449842453003
0334_L.wav,0.9271582365036011,0.8324580788612366,0.807348370552063
0335_R.wav,0.9450778961181641,0.8039312958717346,0.7711947560310364
0336_R.wav,0.8781832456588745,0.7652497291564941,0.7263370156288147
0337_L.wav,0.2885134518146515,0.5132170915603638,0.4892478883266449
0338_R.wav,0.5388486385345459,0.5175299644470215,0.5480797290802002
0339_L.wav,0.3988714814186096,0.08369565010070801,0.15810975432395935
0340_R.wav,0.579486608505249,0.4395431876182556,0.4746704697608948
0341_R.wav,0.4180295169353485,0.3051287531852722,0.3298841416835785
0342_R.wav,0.5765593647956848,0.5061651468276978,0.5027887225151062
0343_L.wav,0.42514708638191223,0.1901903748512268,0.2446233183145523
0344_L.wav,0.45780500769615173,0.2749946415424347,0.33032476902008057
0345_L.wav,0.2928646206855774,-0.09333623945713043,0.0850527286529541
0346_R.wav,0.34717994928359985,0.12476883083581924,0.1974673867225647
0347_R.wav,0.35411444306373596,0.2853400707244873,0.31051105260849
0348_R.wav,0.8072770833969116,0.6432344317436218,0.6240751147270203
0349_L.wav,0.5717371106147766,0.616232693195343,0.6192785501480103
0350_R.wav,0.4418868124485016,0.3323269188404083,0.4033704102039337
0351_L.wav,0.4986928403377533,0.35699552297592163,0.44046786427497864
0352_L.wav,0.4050392508506775,0.5580935478210449,0.5481423139572144
0353_R.wav,0.49490299820899963,0.3763917088508606,0.4002583920955658
0354_R.wav,0.30835047364234924,0.26198455691337585,0.2136535942554474
0355_R.wav,0.6091562509536743,0.5653009414672852,0.5220338106155396
0356_R.wav,0.5871007442474365,0.42300665378570557,0.4399331212043762
0357_L.wav,0.36375734210014343,0.0033948379568755627,0.08762876689434052
0358_L.wav,0.3415779173374176,0.18646322190761566,0.20157012343406677
0359_R.wav,0.6673775315284729,0.5642271041870117,0.5593910813331604
0360_L.wav,0.40475964546203613,0.2146722972393036,0.27545514702796936
0361_L.wav,0.5281179547309875,0.343904972076416,0.3886938691139221
0362_R.wav,0.5978511571884155,0.4481675922870636,0.49721190333366394
0363_R.wav,0.44554656744003296,0.3240252137184143,0.3798592686653137
0364_L.wav,0.25609177350997925,0.026677921414375305,0.15581819415092468
0365_R.wav,0.521144688129425,0.545956015586853,0.5151296257972717
0366_R.wav,0.49362993240356445,0.4992969334125519,0.5200508832931519
0367_L.wav,0.23831145465373993,-0.1716582328081131,-0.04090166464447975
0368_R.wav,0.3122827112674713,0.24523891508579254,0.315338134765625
0369_R.wav,0.4278689920902252,0.20949938893318176,0.24992701411247253
0370_L.wav,0.38366949558258057,0.20622804760932922,0.27906516194343567
0371_R.wav,0.4382489323616028,0.420935720205307,0.47941136360168457
0372_L.wav,0.41926437616348267,0.3533517122268677,0.30787405371665955
0373_R.wav,0.6981841325759888,0.4249909818172455,0.44981110095977783
0374_L.wav,0.8479470610618591,0.7193241715431213,0.6546345353126526
0375_R.wav,0.9843152761459351,0.8101483583450317,0.7722127437591553
0376_R.wav,0.3628736734390259,0.5009983777999878,0.37397435307502747
0377_L.wav,0.17874473333358765,0.2890307903289795,0.3887149691581726
0378_R.wav,0.42644476890563965,0.23272255063056946,0.31712615489959717
0379_R.wav,0.31609857082366943,0.07763460278511047,0.15844985842704773
0380_L.wav,0.3519253134727478,0.05157230421900749,0.11115437000989914
0381_L.wav,0.27968260645866394,0.5167838931083679,0.49650827050209045
0382_L.wav,0.3620525002479553,0.2836497724056244,0.3006190061569214
0383_L.wav,0.7008444666862488,0.4683053195476532,0.5171327590942383
0384_R.wav,0.4789179265499115,0.25260305404663086,0.3259459137916565
0385_L.wav,0.4506986141204834,0.03332020714879036,0.1337607055902481
0386_R.wav,0.7855977416038513,0.6422078609466553,0.6181430220603943
0387_L.wav,0.5927385687828064,0.605157196521759,0.6003482937812805
0388_R.wav,0.4737429916858673,0.469969242811203,0.4980195164680481
0389_L.wav,0.4307449460029602,0.1775071918964386,0.23845261335372925
0390_R.wav,0.7001871466636658,0.5598442554473877,0.5661128759384155
0391_R.wav,0.41951271891593933,0.4693849980831146,0.5136685371398926
0392_R.wav,0.5552043318748474,0.4756842255592346,0.4803448021411896
0393_L.wav,0.3920329809188843,0.10580634325742722,0.13707387447357178
0394_R.wav,0.3147171437740326,0.3304067552089691,0.38925930857658386
0395_L.wav,0.38061851263046265,0.1636810004711151,0.19064900279045105
0396_R.wav,0.42871496081352234,0.4050089418888092,0.4476594030857086
0397_R.wav,0.34868356585502625,0.3641105592250824,0.4002681076526642
0398_L.wav,0.2686537206172943,0.13142164051532745,0.1748737394809723
0399_R.wav,0.8508968353271484,0.6346776485443115,0.6347500085830688
0400_L.wav,0.37002983689308167,0.17336107790470123,0.28774288296699524
0401_R.wav,0.34354299306869507,0.12571099400520325,0.19079114496707916
0402_R.wav,0.9182726144790649,0.7801921963691711,0.763867974281311
0403_L.wav,0.47009915113449097,0.05896400660276413,0.17162340879440308
0404_R.wav,0.30246785283088684,0.10256505757570267,0.21404123306274414
0405_L.wav,0.42529726028442383,0.6149829626083374,0.5896063446998596
0406_R.wav,0.41448912024497986,0.4349839389324188,0.4591260254383087
0407_R.wav,0.5179890990257263,0.4172535836696625,0.459070086479187
0408_R.wav,0.4578544497489929,0.4961148798465729,0.4785446524620056
0409_L.wav,0.28316089510917664,0.16656987369060516,0.2095407396554947
0410_L.wav,0.6811779141426086,0.731776773929596,0.702091634273529
0411_R.wav,0.4470614492893219,0.42606955766677856,0.3818185031414032
0412_L.wav,0.5867113471031189,0.6135202050209045,0.6101875901222229
0413_R.wav,0.3772159218788147,0.5900636315345764,0.5609269738197327
0414_L.wav,0.4963798522949219,0.5737757682800293,0.5703513622283936
0415_L.wav,0.4635910987854004,0.4137764871120453,0.4870416820049286
0416_R.wav,0.38282492756843567,0.2304823249578476,0.2794094681739807
0417_L.wav,0.5705677270889282,0.5187845826148987,0.5304838418960571
0418_R.wav,0.34196236729621887,0.13085952401161194,0.1789407581090927
0419_L.wav,0.37507960200309753,0.3406582474708557,0.42396116256713867
0420_L.wav,0.4931991398334503,0.4710761606693268,0.4916594624519348
0421_R.wav,0.9210507273674011,0.821743369102478,0.7746320962905884
0422_L.wav,0.9095407128334045,0.7591250538825989,0.7182530760765076
0423_R.wav,0.7820306420326233,0.6872568726539612,0.6417909264564514
0424_R.wav,0.7992082834243774,0.7474506497383118,0.6796132326126099
0425_L.wav,0.8770849704742432,0.7881783246994019,0.697577178478241
0426_R.wav,0.5673779249191284,0.6112948060035706,0.5208114981651306
0427_L.wav,0.845331072807312,0.7114630341529846,0.6489649415016174
0428_R.wav,0.5540042519569397,0.6601763963699341,0.6053482890129089
0429_L.wav,0.6768229007720947,0.5575340986251831,0.5358220338821411
0430_L.wav,0.6528503894805908,0.5373162627220154,0.48520368337631226
0431_L.wav,0.46771082282066345,0.346969336271286,0.40869030356407166
0432_R.wav,0.3487493395805359,0.5394860506057739,0.5382891893386841
0433_R.wav,0.43213021755218506,0.5148844718933105,0.5504043698310852
0434_L.wav,0.34023523330688477,0.06349062919616699,0.12391504645347595
0435_L.wav,0.7540287375450134,0.6641868352890015,0.6302006840705872
0436_R.wav,0.6965348720550537,0.6338559985160828,0.5812025666236877
0437_R.wav,0.7464830279350281,0.6334999799728394,0.6214693188667297
0438_L.wav,0.3770669996738434,0.25639697909355164,0.2673814594745636
0439_L.wav,0.5994490385055542,0.42590728402137756,0.4079493284225464
0440_R.wav,0.6758911609649658,0.5520685911178589,0.49999552965164185
0441_L.wav,0.2816886305809021,0.19044750928878784,0.29221129417419434
0442_L.wav,0.6064777374267578,0.6964751482009888,0.6613076329231262
0443_R.wav,0.5835695862770081,0.6734456419944763,0.659637451171875
0444_L.wav,0.6408517360687256,0.5293843150138855,0.499291330575943
0445_L.wav,0.9348021745681763,0.8155578970909119,0.7690457701683044
0446_R.wav,0.4573736786842346,0.2482193261384964,0.3384625017642975
0447_L.wav,0.3936319351196289,0.08578110486268997,0.2152942717075348
0448_L.wav,0.4190123975276947,0.3006322979927063,0.3638043999671936
0449_L.wav,0.4968094527721405,0.3188597559928894,0.41565874218940735
0450_L.wav,0.3976820707321167,0.18031074106693268,0.27139776945114136
0451_R.wav,0.5172066688537598,0.4860328435897827,0.5123428702354431
0452_L.wav,0.28882235288619995,0.17094853520393372,0.17564702033996582
0453_R.wav,0.5284669399261475,0.3287101089954376,0.3790917992591858
0454_R.wav,0.26450297236442566,0.07007203996181488,0.15091952681541443
0455_L.wav,0.26541635394096375,0.15379565954208374,0.2568165361881256
0456_R.wav,0.19568566977977753,0.6511854529380798,0.6279500722885132
0457_R.wav,0.34190359711647034,0.3587924540042877,0.3536895215511322
0458_R.wav,0.25647416710853577,-0.0011170515790581703,0.07118792831897736
0459_R.wav,0.3024207651615143,0.5619808435440063,0.5788195729255676
0460_R.wav,0.5157209038734436,0.3765174448490143,0.4081587791442871
0461_L.wav,0.5078734755516052,0.18553510308265686,0.273654043674469
0462_L.wav,0.2921283543109894,-0.04367075115442276,0.04755457490682602
0463_R.wav,0.5395470261573792,0.5109773278236389,0.5285974740982056
0464_L.wav,0.3122057020664215,0.022787638008594513,0.12743669748306274
0465_R.wav,0.6391806602478027,0.5051979422569275,0.5428824424743652
0466_R.wav,0.5787192583084106,0.6098667979240417,0.5622309446334839
0467_L.wav,0.5220406651496887,0.26675209403038025,0.3315373957157135
0468_L.wav,0.7081749439239502,0.4983893632888794,0.55097895860672
0469_L.wav,0.3804090619087219,0.29252225160598755,0.3775460720062256
0470_R.wav,0.4012470841407776,0.09422764182090759,0.2021854668855667
0471_L.wav,0.13892753422260284,0.39611780643463135,0.4651312828063965
0472_L.wav,0.5143618583679199,0.5495092272758484,0.5574134588241577
0473_L.wav,0.6320546865463257,0.414420485496521,0.47045832872390747
0474_R.wav,0.39845895767211914,0.4069504737854004,0.42280739545822144
0475_R.wav,0.40206262469291687,0.29194867610931396,0.31631922721862793
0476_R.wav,0.5175608396530151,0.4631151258945465,0.474374920129776
0477_R.wav,0.45885181427001953,0.19570957124233246,0.31122374534606934
0478_R.wav,0.4134390354156494,0.09902415424585342,0.1966758817434311
0479_L.wav,0.34926658868789673,0.11444734781980515,0.15871644020080566
0480_R.wav,0.48446953296661377,0.23181763291358948,0.31671634316444397
0481_R.wav,0.17073822021484375,0.06833595782518387,0.18025359511375427
0482_L.wav,0.45963260531425476,0.4846329391002655,0.5207213163375854
0483_R.wav,0.42891988158226013,0.6043156385421753,0.6079070568084717
0484_R.wav,0.6106199026107788,0.547554075717926,0.5479229092597961
0485_L.wav,0.4104725420475006,0.17439237236976624,0.23091386258602142
0486_R.wav,0.3946896493434906,0.2461799532175064,0.31023353338241577
0487_L.wav,0.27225902676582336,0.17734912037849426,0.1978171169757843
0488_R.wav,0.3576662242412567,0.12039737403392792,0.206618532538414
0489_L.wav,0.48449498414993286,0.29856303334236145,0.3752271234989166
0490_R.wav,0.45706990361213684,0.44242528080940247,0.3881879448890686
0491_L.wav,0.38265857100486755,0.23194660246372223,0.3258073627948761
0492_R.wav,0.3812671899795532,0.3237749934196472,0.41094323992729187
0493_L.wav,0.4217650592327118,0.290297269821167,0.3462236821651459
0494_R.wav,0.33586883544921875,0.11950916051864624,0.17977632582187653
0495_L.wav,0.39428001642227173,0.2526802718639374,0.3175981640815735
0496_R.wav,0.3531552851200104,0.44450849294662476,0.5034425258636475
0497_L.wav,0.3182978928089142,-0.05632651224732399,-0.0010574990883469582
0498_R.wav,0.3209993243217468,0.3318943381309509,0.3904895782470703
0499_R.wav,0.695172131061554,0.5671440958976746,0.564403772354126
0500_L.wav,0.8826563358306885,0.7859714031219482,0.7165530920028687
0501_L.wav,0.6587618589401245,0.6855167150497437,0.5780712366104126
0502_L.wav,0.9043523669242859,0.7112836837768555,0.6800861954689026
0503_R.wav,0.6297085881233215,0.7075895667076111,0.5661240816116333
0504_L.wav,0.3248078227043152,0.04411538317799568,0.15957093238830566
0505_L.wav,0.32297828793525696,0.5466046333312988,0.5822360515594482
0506_L.wav,0.23551331460475922,0.489484578371048,0.5547246932983398
0507_L.wav,0.44562873244285583,0.3010372221469879,0.40014582872390747
0508_R.wav,0.520895779132843,0.4088033437728882,0.4171074628829956
0509_L.wav,0.2476053386926651,0.2502036392688751,0.31124147772789
0510_R.wav,0.5877330303192139,0.43290090560913086,0.47094401717185974
0511_L.wav,0.40092095732688904,0.24491740763187408,0.25170326232910156
0512_L.wav,0.3673994541168213,0.1591411679983139,0.17546825110912323
0513_L.wav,0.3601430356502533,0.2297642081975937,0.2369188666343689
0514_L.wav,0.25292056798934937,0.28403693437576294,0.3232113718986511
0515_L.wav,0.45381227135658264,0.23733529448509216,0.3018685281276703
0516_L.wav,0.5387722253799438,0.22544258832931519,0.33586761355400085
0517_R.wav,0.372327595949173,0.46106359362602234,0.42096394300460815
0518_R.wav,0.40644845366477966,0.3057704567909241,0.3415752947330475
0519_L.wav,0.2249048501253128,0.20747146010398865,0.2626604735851288
0520_R.wav,0.32641205191612244,0.3834128975868225,0.3568224310874939
0521_L.wav,0.35010430216789246,0.11546675860881805,0.22610363364219666
0522_R.wav,0.3446744978427887,0.4044349789619446,0.40418970584869385
